(22672938,Christine,Newton,+4420 74960997,ywilson@gmail.com,1979-05-05,2018-11-19,972 Brown bridge Watsonborough BN2 9JF)
(59162828,Abbie,White,(01632) 960247,nday@yahoo.com,1983-09-01,2015-06-20,Studio 70G Rogers streets South Anna L9 3JP)
(47099547,John,Akhtar,(01632) 960 851,williamsashleigh@hotmail.com,1960-09-13,2015-02-01,1 Burton junction North Dianaville HS49 9BR)
(24563196,Samantha,Harvey,(0118)4960101,lee87@marshall.com,1973-08-02,2010-11-18,2 Cooper field South Hayleymouth HS5E 2XU)
(27736491,Dennis,Andrews,(0161) 496 0239,ldavies@bailey-grant.com,1981-05-17,2010-02-02,Studio 9 Jackson islands Coxfort M0K 2FE)
(71650202,Samuel,Douglas,+44(0)161 4960243,douglas92@green.org,1981-03-24,2011-03-27,Studio 95S Carly pike Scottland L69 9LS)
(63022744,Megan,Russell,(0161) 496 0652,jacobgriffiths@smith.biz,1987-12-31,2014-06-22,91 Peters flats North Carl KY3M 5TT)
(71900645,Clare,Burns,0289018474,brownbernard@morgan-faulkner.net,1983-10-30,2018-03-11,Flat 9 Ricky spur North Stacey NP2 7DL)
(31088039,Geoffrey,Lewis,+44117 496 0404,uharris@gmail.com,1964-07-02,2010-11-18,Flat 7 Stephen forges McCarthyburgh DA6 9GH)
(26319743,Holly,Barnes,(020) 74960228,donnafoster@edwards.info,1983-07-23,2012-09-26,2 Dobson prairie Lake Emma E6 6ZJ)
